listing_id,building,floor,rooms,area,price,status,url,area_m2,price_eur,price_per_m2
U176,U,17,5.0,"117,41 m²",543 589 €,Voľný,https://www.ceresne.sk/ponuka-bytov/byt/u176/,117.41,543589.0,4629.8356187718255
U146,U,14,5.0,"117,65 m²",-,Nedostupný,,117.65,,
U156,U,15,5.0,"118,61 m²",540 588 €,Voľný,https://www.ceresne.sk/ponuka-bytov/byt/u156/,118.61,540588.0,4557.693280499115
U166,U,16,5.0,"117,39 m²",540 598 €,Voľný,https://www.ceresne.sk/ponuka-bytov/byt/u166/,117.39,540598.0,4605.145242354544
U07,U,0,2.0,"48,54 m²",-,Nedostupný,,48.54,,
U06,U,0,2.0,"45,62 m²",-,Nedostupný,,45.62,,
U05,U,0,1.0,"52,75 m²",-,Nedostupný,,52.75,,
U04,U,0,2.0,"58,33 m²",-,Nedostupný,,58.33,,
U03,U,0,1.0,"33,29 m²",-,Predaný,,33.29,,
U02,U,0,2.0,"46,48 m²",-,Predaný,,46.48,,
U01,U,0,2.0,"57,32 m²",-,Nedostupný,,57.32,,
U195,U,19,4.0,"116,43 m²",-,Predaný,,116.43,,
U194,U,19,2.0,"47,59 m²",-,Nedostupný,,47.59,,
U193,U,19,4.0,"102,73 m²",-,Nedostupný,,102.73,,
U192,U,19,4.0,"101,11 m²",-,Nedostupný,,101.11,,
U191,U,19,4.0,"105,78 m²",-,Nedostupný,,105.78,,
U185,U,18,4.0,"119,12 m²",-,Predaný,,119.12,,
U184,U,18,2.0,"47,23 m²",-,Nedostupný,,47.23,,
U183,U,18,4.0,"103,17 m²",-,Nedostupný,,103.17,,
U182,U,18,4.0,"100,87 m²",-,Nedostupný,,100.87,,
U181,U,18,4.0,"108,65 m²",-,Nedostupný,,108.65,,
U175,U,17,4.0,"118,03 m²",543 589 €,Voľný,https://www.ceresne.sk/ponuka-bytov/byt/u175/,118.03,543589.0,4605.515546894857
U174,U,17,2.0,"47,59 m²",-,Nedostupný,,47.59,,
U173,U,17,4.0,"102,42 m²",-,Predaný,,102.42,,
U172,U,17,4.0,"100,43 m²",-,Nedostupný,,100.43,,
U171,U,17,4.0,"107,33 m²",-,Nedostupný,,107.33,,
U165,U,16,4.0,"118,01 m²",540 598 €,Voľný,https://www.ceresne.sk/ponuka-bytov/byt/u165/,118.01,540598.0,4580.9507668841625
U164,U,16,2.0,"47,59 m²",-,Nedostupný,,47.59,,
U163,U,16,4.0,"102,95 m²",-,Nedostupný,,102.95,,
U162,U,16,4.0,"101,11 m²",-,Nedostupný,,101.11,,
U161,U,16,4.0,"106,97 m²",-,Predaný,,106.97,,
U155,U,15,4.0,"119,23 m²",540 588 €,Voľný,https://www.ceresne.sk/ponuka-bytov/byt/u155/,119.23,540588.0,4533.993122536274
U154,U,15,2.0,"47,23 m²",-,Nedostupný,,47.23,,
U153,U,15,4.0,"103,24 m²",-,Nedostupný,,103.24,,
U152,U,15,4.0,"100,87 m²",-,Nedostupný,,100.87,,
U151,U,15,4.0,"108,54 m²",-,Nedostupný,,108.54,,
U145,U,14,4.0,"117,65 m²",523 435 €,Voľný,https://www.ceresne.sk/ponuka-bytov/byt/u145/,117.65,523435.0,4449.086272843178
U144,U,14,2.0,"47,52 m²",-,Nedostupný,,47.52,,
U143,U,14,4.0,"102,79 m²",-,Predaný,,102.79,,
U142,U,14,4.0,"101,00 m²",-,Nedostupný,,101.0,,
U141,U,14,4.0,"107,20 m²",-,Nedostupný,,107.2,,
U138,U,13,3.0,"65,82 m²",-,Nedostupný,,65.82,,
U137,U,13,2.0,"47,42 m²",-,Nedostupný,,47.42,,
U136,U,13,1.0,"34,54 m²",-,Nedostupný,,34.54,,
U135,U,13,3.0,"65,21 m²",-,Nedostupný,,65.21,,
U134,U,13,2.0,"54,94 m²",-,Predaný,,54.94,,
U133,U,13,1.0,"31,12 m²",-,Nedostupný,,31.12,,
U132,U,13,1.0,"30,73 m²",-,Nedostupný,,30.73,,
U131,U,13,2.0,"51,52 m²",273 323 €,Voľný,https://www.ceresne.sk/ponuka-bytov/byt/u131/,51.52,273323.0,5305.182453416149
U128,U,12,3.0,"66,86 m²",-,Nedostupný,,66.86,,
U127,U,12,2.0,"47,81 m²",257 071 €,Voľný,https://www.ceresne.sk/ponuka-bytov/byt/u127/,47.81,257071.0,5376.9295126542565
U126,U,12,1.0,"34,54 m²",-,Nedostupný,,34.54,,
U125,U,12,3.0,"64,46 m²",-,Nedostupný,,64.46,,
U124,U,12,2.0,"54,50 m²",290 555 €,Voľný,https://www.ceresne.sk/ponuka-bytov/byt/u124/,54.5,290555.0,5331.284403669725
U123,U,12,1.0,"30,91 m²",-,Nedostupný,,30.91,,
U122,U,12,1.0,"31,32 m²",-,Predaný,,31.32,,
U121,U,12,2.0,"51,18 m²",-,Nedostupný,,51.18,,
U118,U,11,3.0,"66,37 m²",-,Nedostupný,,66.37,,
U117,U,11,2.0,"47,42 m²",-,Nedostupný,,47.42,,
U116,U,11,1.0,"34,54 m²",-,Nedostupný,,34.54,,
U115,U,11,3.0,"65,21 m²",-,Predaný,,65.21,,
U114,U,11,2.0,"54,94 m²",289 937 €,Voľný,https://www.ceresne.sk/ponuka-bytov/byt/u114/,54.94,289937.0,5277.338915180197
U113,U,11,1.0,"31,17 m²",-,Predaný,,31.17,,
U112,U,11,1.0,"31,07 m²",-,Nedostupný,,31.07,,
U111,U,11,2.0,"51,96 m²",-,Nedostupný,,51.96,,
U108,U,10,3.0,"67,10 m²",-,Nedostupný,,67.1,,
U107,U,10,2.0,"47,42 m²",-,Nedostupný,,47.42,,
U106,U,10,1.0,"34,22 m²",-,Nedostupný,,34.22,,
U105,U,10,3.0,"64,99 m²",-,Predaný,,64.99,,
U104,U,10,2.0,"55,18 m²",-,Predaný,,55.18,,
U103,U,10,1.0,"30,91 m²",-,Nedostupný,,30.91,,
U102,U,10,1.0,"31,07 m²",-,Nedostupný,,31.07,,
U101,U,10,2.0,"51,72 m²",-,Predaný,,51.72,,
U98,U,9,3.0,"66,86 m²",310 578 €,Voľný,https://www.ceresne.sk/ponuka-bytov/byt/u98/,66.86,310578.0,4645.198923122944
U97,U,9,2.0,"47,81 m²",-,Predaný,,47.81,,
U96,U,9,1.0,"34,54 m²",-,Nedostupný,,34.54,,
U95,U,9,3.0,"64,46 m²",-,Predaný,,64.46,,
U94,U,9,2.0,"54,50 m²",283 114 €,Voľný,https://www.ceresne.sk/ponuka-bytov/byt/u94/,54.5,283114.0,5194.752293577982
U93,U,9,1.0,"30,91 m²",190 098 €,Voľný,https://www.ceresne.sk/ponuka-bytov/byt/u93/,30.91,190098.0,6150.048527984471
U92,U,9,1.0,"31,33 m²",-,Nedostupný,,31.33,,
U91,U,9,2.0,"51,25 m²",-,Nedostupný,,51.25,,
U88,U,8,3.0,"67,10 m²",-,Nedostupný,,67.1,,
U87,U,8,2.0,"47,42 m²",-,Predaný,,47.42,,
U86,U,8,1.0,"34,22 m²",-,Nedostupný,,34.22,,
U85,U,8,3.0,"64,99 m²",-,Predaný,,64.99,,
U84,U,8,2.0,"55,18 m²",-,Predaný,,55.18,,
U83,U,8,1.0,"31,07 m²",189 743 €,Voľný,https://www.ceresne.sk/ponuka-bytov/byt/u83/,31.07,189743.0,6106.952043772128
U82,U,8,1.0,"31,18 m²",-,Nedostupný,,31.18,,
U81,U,8,2.0,"51,60 m²",-,Nedostupný,,51.6,,
U78,U,7,3.0,"66,37 m²",-,Predaný,,66.37,,
U77,U,7,2.0,"47,42 m²",248 164 €,Voľný,https://www.ceresne.sk/ponuka-bytov/byt/u77/,47.42,248164.0,5233.319274567692
U76,U,7,1.0,"34,54 m²",-,Nedostupný,,34.54,,
U75,U,7,3.0,"65,21 m²",-,Predaný,,65.21,,
U74,U,7,2.0,"54,94 m²",-,Predaný,,54.94,,
U73,U,7,1.0,"31,33 m²",189 205 €,Voľný,https://www.ceresne.sk/ponuka-bytov/byt/u73/,31.33,189205.0,6039.099904245133
U72,U,7,1.0,"31,18 m²",-,Predaný,,31.18,,
U71,U,7,2.0,"51,84 m²",262 781 €,Voľný,https://www.ceresne.sk/ponuka-bytov/byt/u71/,51.84,262781.0,5069.077932098765
U68,U,6,3.0,"66,86 m²",-,Nedostupný,,66.86,,
U67,U,6,2.0,"47,75 m²",-,Predaný,,47.75,,
U66,U,6,1.0,"34,22 m²",190 214 €,Voľný,https://www.ceresne.sk/ponuka-bytov/byt/u66/,34.22,190214.0,5558.562244301578
U65,U,6,3.0,"64,46 m²",-,Predaný,,64.46,,
U64,U,6,2.0,"54,50 m²",-,Predaný,,54.5,,
U63,U,6,1.0,"31,33 m²",-,Nedostupný,,31.33,,
U62,U,6,1.0,"31,44 m²",-,Nedostupný,,31.44,,
U61,U,6,2.0,"51,13 m²",-,Nedostupný,,51.13,,
U58,U,5,3.0,"66,37 m²",-,Nedostupný,,66.37,,
U57,U,5,2.0,"47,42 m²",-,Nedostupný,,47.42,,
U56,U,5,1.0,"34,54 m²",-,Predaný,,34.54,,
U55,U,5,3.0,"65,21 m²",-,Predaný,,65.21,,
U54,U,5,2.0,"54,95 m²",-,Predaný,,54.95,,
U53,U,5,1.0,"31,33 m²",-,Predaný,,31.33,,
U52,U,5,1.0,"31,18 m²",-,Predaný,,31.18,,
U51,U,5,2.0,"51,84 m²",-,Nedostupný,,51.84,,
U48,U,4,3.0,"66,86 m²",-,Nedostupný,,66.86,,
U47,U,4,2.0,"47,75 m²",-,Predaný,,47.75,,
U46,U,4,1.0,"34,21 m²",-,Predaný,,34.21,,
U45,U,4,3.0,"101,07 m²",-,Predaný,,101.07,,
U44,U,4,2.0,"78,80 m²",-,Nedostupný,,78.8,,
U43,U,4,1.0,"31,43 m²",-,Predaný,,31.43,,
U42,U,4,1.0,"31,58 m²",-,Predaný,,31.58,,
U41,U,4,2.0,"51,13 m²",-,Predaný,,51.13,,
U314,U,3,3.0,"67,10 m²",-,Predaný,,67.1,,
U313,U,3,2.0,"47,81 m²",-,Predaný,,47.81,,
U312,U,3,1.0,"34,53 m²",-,Predaný,,34.53,,
U311,U,3,2.0,"58,85 m²",-,Nedostupný,,58.85,,
U310,U,3,1.0,"52,72 m²",-,Predaný,,52.72,,
U39,U,3,2.0,"45,64 m²",-,Predaný,,45.64,,
U38,U,3,2.0,"50,08 m²",-,Predaný,,50.08,,
U37,U,3,2.0,"53,17 m²",-,Predaný,,53.17,,
U36,U,3,2.0,"50,36 m²",-,Nedostupný,,50.36,,
U35,U,3,1.0,"31,55 m²",177 255 €,Voľný,https://www.ceresne.sk/ponuka-bytov/byt/u35/,31.55,177255.0,5618.225039619651
U34,U,3,2.0,"50,50 m²",-,Nedostupný,,50.5,,
U33,U,3,1.0,"31,18 m²",-,Predaný,,31.18,,
U32,U,3,1.0,"31,58 m²",-,Predaný,,31.58,,
U31,U,3,2.0,"51,13 m²",-,Predaný,,51.13,,
U214,U,2,3.0,"66,87 m²",-,Predaný,,66.87,,
U213,U,2,2.0,"47,42 m²",-,Predaný,,47.42,,
U212,U,2,1.0,"34,21 m²",-,Predaný,,34.21,,
U211,U,2,2.0,"58,85 m²",-,Nedostupný,,58.85,,
U210,U,2,1.0,"52,72 m²",-,Rezervovaný,,52.72,,
U29,U,2,2.0,"46,60 m²",-,Predaný,,46.6,,
U28,U,2,2.0,"49,96 m²",-,Nedostupný,,49.96,,
U27,U,2,2.0,"51,41 m²",253 786 €,Voľný,https://www.ceresne.sk/ponuka-bytov/byt/u27/,51.41,253786.0,4936.510406535694
U26,U,2,2.0,"51,20 m²",244 940 €,Voľný,https://www.ceresne.sk/ponuka-bytov/byt/u26/,51.2,244940.0,4783.984375
U25,U,2,1.0,"31,53 m²",-,Predaný,,31.53,,
U24,U,2,2.0,"49,17 m²",238 235 €,Voľný,https://www.ceresne.sk/ponuka-bytov/byt/u24/,49.17,238235.0,4845.129143786862
U23,U,2,1.0,"30,34 m²",-,Predaný,,30.34,,
U22,U,2,1.0,"30,49 m²",-,Predaný,,30.49,,
U21,U,2,2.0,"50,75 m²",-,Predaný,,50.75,,
U17,U,1,2.0,"49,49 m²",-,Nedostupný,,49.49,,
U16,U,1,2.0,"46,61 m²",-,Nedostupný,,46.61,,
U15,U,1,1.0,"52,59 m²",227 710 €,Voľný,https://www.ceresne.sk/ponuka-bytov/byt/u15/,52.59,227710.0,4329.910629397224
U14,U,1,2.0,"58,18 m²",-,Nedostupný,,58.18,,
U13,U,1,1.0,"34,18 m²",-,Nedostupný,,34.18,,
U12,U,1,2.0,"47,51 m²",-,Nedostupný,,47.51,,
U11,U,1,3.0,"66,11 m²",-,Nedostupný,,66.11,,
V186,V,18,5.0,"117,97 m²",555 100 €,Voľný,https://www.ceresne.sk/ponuka-bytov/byt/v186/,117.97,555100.0,4705.433584809697
V196,V,19,5.0,"116,39 m²",-,Nedostupný,,116.39,,
V195,V,19,4.0,"117,01 m²",570 726 €,Voľný,https://www.ceresne.sk/ponuka-bytov/byt/v195/,117.01,570726.0,4877.583112554482
V194,V,19,2.0,"47,67 m²",-,Nedostupný,,47.67,,
V193,V,19,4.0,"102,58 m²",-,Nedostupný,,102.58,,
V192,V,19,4.0,"100,19 m²",-,Nedostupný,,100.19,,
V191,V,19,4.0,"108,67 m²",-,Nedostupný,,108.67,,
V185,V,18,4.0,"118,59 m²",555 100 €,Voľný,https://www.ceresne.sk/ponuka-bytov/byt/v185/,118.59,555100.0,4680.833122522979
V184,V,18,2.0,"47,34 m²",-,Nedostupný,,47.34,,
V183,V,18,4.0,"102,67 m²",-,Predaný,,102.67,,
V182,V,18,4.0,"100,26 m²",-,Nedostupný,,100.26,,
V181,V,18,4.0,"107,49 m²",-,Nedostupný,,107.49,,
V175,V,17,4.0,"119,75 m²",-,Predaný,,119.75,,
V174,V,17,2.0,"47,30 m²",-,Nedostupný,,47.3,,
V173,V,17,4.0,"103,35 m²",-,Predaný,,103.35,,
V172,V,17,4.0,"100,67 m²",-,Nedostupný,,100.67,,
V171,V,17,4.0,"108,83 m²",-,Nedostupný,,108.83,,
V165,V,16,4.0,"118,37 m²",-,Predrezervovaný,,118.37,,
V164,V,16,2.0,"47,67 m²",-,Nedostupný,,47.67,,
V163,V,16,4.0,"103,14 m²",-,Predaný,,103.14,,
V162,V,16,4.0,"100,90 m²",-,Nedostupný,,100.9,,
V161,V,16,4.0,"107,50 m²",-,Nedostupný,,107.5,,
V158,V,15,3.0,"66,09 m²",324 440 €,Voľný,https://www.ceresne.sk/ponuka-bytov/byt/v158/,66.09,324440.0,4909.063398396126
V157,V,15,2.0,"47,57 m²",-,Nedostupný,,47.57,,
V156,V,15,1.0,"34,62 m²",-,Nedostupný,,34.62,,
V155,V,15,3.0,"65,46 m²",-,Nedostupný,,65.46,,
V154,V,15,2.0,"54,99 m²",-,Predaný,,54.99,,
V153,V,15,1.0,"31,22 m²",-,Nedostupný,,31.22,,
V152,V,15,1.0,"30,83 m²",-,Nedostupný,,30.83,,
V151,V,15,2.0,"51,62 m²",273 647 €,Voľný,https://www.ceresne.sk/ponuka-bytov/byt/v151/,51.62,273647.0,5301.18171251453
V148,V,14,3.0,"67,33 m²",-,Nedostupný,,67.33,,
V147,V,14,2.0,"47,83 m²",-,Nedostupný,,47.83,,
V146,V,14,1.0,"34,50 m²",-,Nedostupný,,34.5,,
V145,V,14,3.0,"64,54 m²",-,Nedostupný,,64.54,,
V144,V,14,2.0,"54,38 m²",-,Predaný,,54.38,,
V143,V,14,1.0,"31,05 m²",-,Nedostupný,,31.05,,
V142,V,14,1.0,"31,47 m²",-,Nedostupný,,31.47,,
V141,V,14,2.0,"51,11 m²",-,Predaný,,51.11,,
V138,V,13,3.0,"66,84 m²",-,Nedostupný,,66.84,,
V137,V,13,2.0,"47,44 m²",-,Nedostupný,,47.44,,
V136,V,13,1.0,"34,50 m²",-,Nedostupný,,34.5,,
V135,V,13,3.0,"65,30 m²",-,Predaný,,65.3,,
V134,V,13,2.0,"54,83 m²",-,Predaný,,54.83,,
V133,V,13,1.0,"31,31 m²",-,Nedostupný,,31.31,,
V132,V,13,1.0,"31,21 m²",-,Nedostupný,,31.21,,
V131,V,13,2.0,"51,82 m²",-,Predaný,,51.82,,
V128,V,12,3.0,"67,57 m²",-,Nedostupný,,67.57,,
V127,V,12,2.0,"47,44 m²",-,Nedostupný,,47.44,,
V126,V,12,1.0,"34,19 m²",-,Nedostupný,,34.19,,
V125,V,12,3.0,"65,07 m²",-,Predaný,,65.07,,
V124,V,12,2.0,"55,06 m²",-,Predaný,,55.06,,
V123,V,12,1.0,"31,05 m²",-,Nedostupný,,31.05,,
V122,V,12,1.0,"31,21 m²",-,Nedostupný,,31.21,,
V121,V,12,2.0,"51,58 m²",-,Nedostupný,,51.58,,
V118,V,11,3.0,"67,33 m²",-,Nedostupný,,67.33,,
V117,V,11,2.0,"47,83 m²",-,Predaný,,47.83,,
V116,V,11,1.0,"34,50 m²",-,Nedostupný,,34.5,,
V115,V,11,3.0,"64,54 m²",-,Nedostupný,,64.54,,
V114,V,11,2.0,"54,38 m²",-,Nedostupný,,54.38,,
V113,V,11,1.0,"31,05 m²",-,Nedostupný,,31.05,,
V112,V,11,1.0,"31,47 m²",192 555 €,Voľný,https://www.ceresne.sk/ponuka-bytov/byt/v112/,31.47,192555.0,6118.684461391802
V111,V,11,2.0,"51,11 m²",-,Nedostupný,,51.11,,
V108,V,10,3.0,"67,57 m²",321 163 €,Voľný,https://www.ceresne.sk/ponuka-bytov/byt/v108/,67.57,321163.0,4753.041290513542
V107,V,10,2.0,"47,44 m²",-,Nedostupný,,47.44,,
V106,V,10,1.0,"34,19 m²",-,Nedostupný,,34.19,,
V105,V,10,3.0,"65,07 m²",-,Nedostupný,,65.07,,
V104,V,10,2.0,"55,06 m²",285 147 €,Voľný,https://www.ceresne.sk/ponuka-bytov/byt/v104/,55.06,285147.0,5178.841264075554
V103,V,10,1.0,"31,21 m²",-,Nedostupný,,31.21,,
V102,V,10,1.0,"31,21 m²",190 537 €,Voľný,https://www.ceresne.sk/ponuka-bytov/byt/v102/,31.21,190537.0,6104.998397949375
V101,V,10,2.0,"51,58 m²",-,Nedostupný,,51.58,,
V98,V,9,3.0,"66,84 m²",-,Nedostupný,,66.84,,
V97,V,9,2.0,"47,44 m²",-,Nedostupný,,47.44,,
V96,V,9,1.0,"34,50 m²",-,Nedostupný,,34.5,,
V95,V,9,3.0,"65,30 m²",-,Rezervovaný,,65.3,,
V94,V,9,2.0,"54,83 m²",-,Predaný,,54.83,,
V93,V,9,1.0,"31,47 m²",190 019 €,Voľný,https://www.ceresne.sk/ponuka-bytov/byt/v93/,31.47,190019.0,6038.099777565936
V92,V,9,1.0,"31,21 m²",189 280 €,Voľný,https://www.ceresne.sk/ponuka-bytov/byt/v92/,31.21,189280.0,6064.722845241909
V91,V,9,2.0,"51,82 m²",-,Predaný,,51.82,,
V88,V,8,3.0,"67,33 m²",-,Nedostupný,,67.33,,
V87,V,8,2.0,"47,60 m²",-,Predaný,,47.6,,
V86,V,8,1.0,"34,34 m²",-,Nedostupný,,34.34,,
V85,V,8,3.0,"64,54 m²",-,Predaný,,64.54,,
V84,V,8,2.0,"54,38 m²",-,Predrezervovaný,,54.38,,
V83,V,8,1.0,"31,47 m²",-,Rezervovaný,,31.47,,
V82,V,8,1.0,"31,62 m²",189 571 €,Voľný,https://www.ceresne.sk/ponuka-bytov/byt/v82/,31.62,189571.0,5995.287792536369
V81,V,8,2.0,"51,11 m²",-,Predaný,,51.11,,
V78,V,7,3.0,"66,84 m²",-,Nedostupný,,66.84,,
V77,V,7,2.0,"47,44 m²",-,Predaný,,47.44,,
V76,V,7,1.0,"34,50 m²",-,Nedostupný,,34.5,,
V75,V,7,3.0,"65,30 m²",-,Nedostupný,,65.3,,
V74,V,7,2.0,"54,83 m²",-,Predaný,,54.83,,
V73,V,7,1.0,"31,47 m²",-,Predaný,,31.47,,
V72,V,7,1.0,"31,36 m²",-,Predaný,,31.36,,
V71,V,7,2.0,"51,82 m²",-,Predaný,,51.82,,
V68,V,6,3.0,"67,33 m²",313 303 €,Voľný,https://www.ceresne.sk/ponuka-bytov/byt/v68/,67.33,313303.0,4653.245210158919
V67,V,6,2.0,"47,60 m²",254 359 €,Voľný,https://www.ceresne.sk/ponuka-bytov/byt/v67/,47.6,254359.0,5343.676470588235
V66,V,6,1.0,"34,34 m²",-,Predaný,,34.34,,
V65,V,6,3.0,"64,54 m²",-,Predaný,,64.54,,
V64,V,6,2.0,"54,38 m²",-,Predaný,,54.38,,
V63,V,6,1.0,"31,62 m²",-,Nedostupný,,31.62,,
V62,V,6,1.0,"31,62 m²",-,Predaný,,31.62,,
V61,V,6,2.0,"51,11 m²",-,Predaný,,51.11,,
V58,V,5,3.0,"67,40 m²",-,Nedostupný,,67.4,,
V57,V,5,2.0,"47,53 m²",-,Predaný,,47.53,,
V56,V,5,1.0,"34,32 m²",-,Predaný,,34.32,,
V55,V,5,3.0,"64,22 m²",305 073 €,Voľný,https://www.ceresne.sk/ponuka-bytov/byt/v55/,64.22,305073.0,4750.436001245718
V54,V,5,2.0,"54,09 m²",-,Predaný,,54.09,,
V53,V,5,1.0,"31,21 m²",-,Predaný,,31.21,,
V52,V,5,1.0,"31,47 m²",-,Predaný,,31.47,,
V51,V,5,2.0,"50,95 m²",-,Predaný,,50.95,,
V48,V,4,3.0,"67,17 m²",-,Nedostupný,,67.17,,
V47,V,4,2.0,"47,15 m²",-,Predaný,,47.15,,
V46,V,4,1.0,"34,02 m²",190 512 €,Voľný,https://www.ceresne.sk/ponuka-bytov/byt/v46/,34.02,190512.0,5599.999999999999
V45,V,4,3.0,"64,75 m²",-,Nedostupný,,64.75,,
V44,V,4,2.0,"54,77 m²",-,Predrezervovaný,,54.77,,
V43,V,4,1.0,"31,21 m²",-,Predaný,,31.21,,
V42,V,4,1.0,"31,21 m²",-,Predaný,,31.21,,
V41,V,4,2.0,"51,45 m²",-,Predaný,,51.45,,
V38,V,3,3.0,"66,05 m²",-,Nedostupný,,66.05,,
V37,V,3,2.0,"46,47 m²",-,Nedostupný,,46.47,,
V36,V,3,1.0,"33,69 m²",-,Predaný,,33.69,,
V35,V,3,3.0,"64,18 m²",-,Nedostupný,,64.18,,
V34,V,3,2.0,"53,89 m²",-,Predaný,,53.89,,
V33,V,3,1.0,"30,94 m²",-,Predaný,,30.94,,
V32,V,3,1.0,"30,68 m²",-,Predaný,,30.68,,
V31,V,3,2.0,"51,34 m²",-,Predaný,,51.34,,
V28,V,2,3.0,"65,65 m²",300 274 €,Voľný,https://www.ceresne.sk/ponuka-bytov/byt/v28/,65.65,300274.0,4573.861386138614
V27,V,2,2.0,"46,62 m²",-,Predaný,,46.62,,
V26,V,2,1.0,"33,53 m²",-,Predaný,,33.53,,
V25,V,2,3.0,"63,42 m²",295 966 €,Voľný,https://www.ceresne.sk/ponuka-bytov/byt/v25/,63.42,295966.0,4666.761274046042
V24,V,2,2.0,"53,45 m²",-,Predaný,,53.45,,
V23,V,2,1.0,"31,33 m²",-,Predaný,,31.33,,
V22,V,2,1.0,"31,33 m²",-,Predaný,,31.33,,
V21,V,2,2.0,"49,89 m²",-,Predaný,,49.89,,
V14,V,1,2.0,"114,85 m²",-,Nedostupný,,114.85,,
V13,V,1,3.0,"135,54 m²",323 521 €,Voľný,https://www.ceresne.sk/ponuka-bytov/byt/v13/,135.54,323521.0,2386.9042349122033
V12,V,1,1.0,"52,37 m²",-,Predaný,,52.37,,
V11,V,1,2.0,"82,41 m²",-,Nedostupný,,82.41,,
J55 DUPLIKAT,J,5,4.0,"103,96 m²",-,Rezervovaný,,103.96,,
J12,J,1,5.0,"192,87 m²",-,Predaný,,192.87,,
J13,J,1,4.0,"178,36 m²",-,Predaný,,178.36,,
J11,J,1,4.0,"165,98 m²",-,Predaný,,165.98,,
J15,J,1,5.0,"190,86 m²",-,Predaný,,190.86,,
J16,J,1,4.0,"166,97 m²",-,Predaný,,166.97,,
J14,J,1,4.0,"175,98 m²",-,Predaný,,175.98,,
J71,J,7,4.0,"208,78 m²",-,Predaný,,208.78,,
J72,J,7,4.0,"192,77 m²",-,Predaný,,192.77,,
J64,J,6,1.0,"32,12 m²",-,Predaný,,32.12,,
J65,J,6,4.0,"104,34 m²",-,Predaný,,104.34,,
J66,J,6,1.0,"30,41 m²",-,Predaný,,30.41,,
J61,J,6,4.0,"111,24 m²",-,Predaný,,111.24,,
J62,J,6,4.0,"112,86 m²",-,Predaný,,112.86,,
J63,J,6,1.0,"35,73 m²",-,Predaný,,35.73,,
J54,J,5,1.0,"32,12 m²",-,Predaný,,32.12,,
J55,J,5,4.0,"103,96 m²",-,Predaný,,103.96,,
J56,J,5,1.0,"30,41 m²",-,Predaný,,30.41,,
J51,J,5,4.0,"111,57 m²",-,Predaný,,111.57,,
J52,J,5,4.0,"112,85 m²",-,Predaný,,112.85,,
J53,J,5,1.0,"35,73 m²",-,Predaný,,35.73,,
J44,J,4,1.0,"32,02 m²",-,Predaný,,32.02,,
J45,J,4,4.0,"104,14 m²",-,Predaný,,104.14,,
J46,J,4,1.0,"32,04 m²",-,Predaný,,32.04,,
J41,J,4,4.0,"112,04 m²",-,Predaný,,112.04,,
J42,J,4,4.0,"112,86 m²",-,Predaný,,112.86,,
J43,J,4,1.0,"35,56 m²",-,Predaný,,35.56,,
J34,J,3,1.0,"32,02 m²",-,Predaný,,32.02,,
J35,J,3,4.0,"99,90 m²",-,Predaný,,99.9,,
J36,J,3,1.0,"30,31 m²",-,Predaný,,30.31,,
J31,J,3,4.0,"111,25 m²",-,Predaný,,111.25,,
J32,J,3,4.0,"113,36 m²",-,Predaný,,113.36,,
J33,J,3,1.0,"35,56 m²",-,Predaný,,35.56,,
I14,I,1,5.0,"196,38 m²",-,Predaný,,196.38,,
I15,I,1,4.0,"155,48 m²",-,Predaný,,155.48,,
I83,I,8,2.0,"45,66 m²",-,Predaný,,45.66,,
I84,I,8,5.0,"254,68 m²",-,Predaný,,254.68,,
I13,I,1,4.0,"176,23 m²",-,Predaný,,176.23,,
I74,I,7,3.0,"76,99 m²",-,Predaný,,76.99,,
I81,I,8,5.0,"153,49 m²",-,Predaný,,153.49,,
I82,I,8,5.0,"242,92 m²",-,Predaný,,242.92,,
I71,I,7,4.0,"121,48 m²",-,Predaný,,121.48,,
I72,I,7,4.0,"102,94 m²",-,Predaný,,102.94,,
I73,I,7,1.0,"33,46 m²",-,Predaný,,33.46,,
I62,I,6,4.0,"104,16 m²",-,Predaný,,104.16,,
I63,I,6,1.0,"33,48 m²",-,Predaný,,33.48,,
I64,I,6,3.0,"76,98 m²",-,Predaný,,76.98,,
I53,I,5,1.0,"33,48 m²",-,Predaný,,33.48,,
I54,I,5,3.0,"76,97 m²",-,Predaný,,76.97,,
I61,I,6,4.0,"119,79 m²",-,Predaný,,119.79,,
I44,I,4,3.0,"76,75 m²",-,Predaný,,76.75,,
I51,I,5,4.0,"120,12 m²",-,Predaný,,120.12,,
I52,I,5,4.0,"99,08 m²",-,Predaný,,99.08,,
I41,I,4,4.0,"121,11 m²",-,Predaný,,121.11,,
I42,I,4,4.0,"103,98 m²",-,Predaný,,103.98,,
I43,I,4,1.0,"33,39 m²",-,Predaný,,33.39,,
I32,I,3,4.0,"98,89 m²",-,Predaný,,98.89,,
I33,I,3,1.0,"33,39 m²",-,Predaný,,33.39,,
I34,I,3,3.0,"76,75 m²",-,Predaný,,76.75,,
I31,I,3,4.0,"121,11 m²",-,Predaný,,121.11,,
K71,K,7,4.0,"190,83 m²",-,Predaný,,190.83,,
K72,K,7,4.0,"141,81 m²",-,Predaný,,141.81,,
K63,K,6,4.0,"101,56 m²",-,Predaný,,101.56,,
K64,K,6,4.0,"110,92 m²",-,Predaný,,110.92,,
K65,K,6,1.0,"34,22 m²",-,Predaný,,34.22,,
K55,K,5,1.0,"34,22 m²",-,Predaný,,34.22,,
K61,K,6,2.0,"56,09 m²",-,Predaný,,56.09,,
K62,K,6,2.0,"50,89 m²",-,Predaný,,50.89,,
K52,K,5,2.0,"50,94 m²",-,Predaný,,50.94,,
K53,K,5,4.0,"101,87 m²",-,Predaný,,101.87,,
K54,K,5,4.0,"119,18 m²",-,Predaný,,119.18,,
K44,K,4,4.0,"110,69 m²",-,Predaný,,110.69,,
K45,K,4,1.0,"34,13 m²",-,Predaný,,34.13,,
K51,K,5,2.0,"56,95 m²",-,Predaný,,56.95,,
K41,K,4,2.0,"56,80 m²",-,Predaný,,56.8,,
K42,K,4,2.0,"50,75 m²",-,Predaný,,50.75,,
K43,K,4,4.0,"101,37 m²",-,Predaný,,101.37,,
K33,K,3,4.0,"101,64 m²",-,Predaný,,101.64,,
K34,K,3,4.0,"119,01 m²",-,Predaný,,119.01,,
K35,K,3,1.0,"34,13 m²",-,Predaný,,34.13,,
K15,K,1,3.0,"123,57 m²",-,Predaný,,123.57,,
K31,K,3,2.0,"56,80 m²",-,Predaný,,56.8,,
K32,K,3,2.0,"50,75 m²",-,Predaný,,50.75,,
K12,K,1,4.0,"165,37 m²",-,Predaný,,165.37,,
K13,K,1,5.0,"181,91 m²",-,Predaný,,181.91,,
K14,K,1,5.0,"186,93 m²",-,Predaný,,186.93,,
K11,K,1,4.0,"159,04 m²",-,Predaný,,159.04,,
L85,L,8,2.0,"59,78 m²",-,Predaný,,59.78,,
L82,L,8,2.0,"67,55 m²",-,Predaný,,67.55,,
L83,L,8,4.0,"124,37 m²",-,Predaný,,124.37,,
L84,L,8,2.0,"65,17 m²",-,Predaný,,65.17,,
L74,L,7,2.0,"64,92 m²",-,Predaný,,64.92,,
L75,L,7,2.0,"60,90 m²",-,Predaný,,60.9,,
L81,L,8,4.0,"136,61 m²",-,Predaný,,136.61,,
L71,L,7,4.0,"136,61 m²",-,Predaný,,136.61,,
L72,L,6,2.0,"67,55 m²",-,Predaný,,67.55,,
L73,L,7,4.0,"122,47 m²",-,Predaný,,122.47,,
L63,L,6,4.0,"124,37 m²",-,Predaný,,124.37,,
L64,L,6,2.0,"65,17 m²",-,Predaný,,65.17,,
L65,L,6,2.0,"59,78 m²",-,Predaný,,59.78,,
L55,L,5,2.0,"61,44 m²",-,Predaný,,61.44,,
L61,L,6,4.0,"136,61 m²",-,Predaný,,136.61,,
L62,L,6,2.0,"67,55 m²",-,Predaný,,67.55,,
L52,L,5,2.0,"67,55 m²",-,Predaný,,67.55,,
L53,L,5,4.0,"122,47 m²",-,Predaný,,122.47,,
L54,L,5,2.0,"64,92 m²",-,Predaný,,64.92,,
L44,L,4,2.0,"65,17 m²",-,Predaný,,65.17,,
L45,L,4,2.0,"59,78 m²",-,Predaný,,59.78,,
L51,L,5,4.0,"136,61 m²",-,Predaný,,136.61,,
L41,L,4,4.0,"136,61 m²",-,Predaný,,136.61,,
L42,L,4,2.0,"67,55 m²",-,Predaný,,67.55,,
L43,L,4,4.0,"124,37 m²",-,Predaný,,124.37,,
L33,L,3,4.0,"122,22 m²",-,Predaný,,122.22,,
L34,L,3,2.0,"64,92 m²",-,Predaný,,64.92,,
L35,L,3,2.0,"61,44 m²",-,Predaný,,61.44,,
L25,L,2,2.0,"59,78 m²",-,Predaný,,59.78,,
L31,L,3,4.0,"136,60 m²",-,Predaný,,136.6,,
L32,L,3,2.0,"67,55 m²",-,Predaný,,67.55,,
L22,L,2,2.0,"67,55 m²",-,Predaný,,67.55,,
L23,L,2,4.0,"124,12 m²",-,Predaný,,124.12,,
L24,L,2,2.0,"65,17 m²",-,Predaný,,65.17,,
L14,L,1,2.0,"105,56 m²",-,Predaný,,105.56,,
L15,L,1,2.0,"102,23 m²",-,Predaný,,102.23,,
L21,L,2,4.0,"136,61 m²",-,Predaný,,136.61,,
L13,L,1,4.0,"201,14 m²",-,Predaný,,201.14,,
M26,M,2,4.0,"101,80 m²",-,Predaný,,101.8,,
M63,M,6,3.0,"99,21 m²",-,Predaný,,99.21,,
M64,M,6,4.0,"122,03 m²",-,Predaný,,122.03,,
M65,M,6,2.0,"58,98 m²",-,Predaný,,58.98,,
M55,M,5,2.0,"57,95 m²",-,Predaný,,57.95,,
M61,M,6,4.0,"108,93 m²",-,Predaný,,108.93,,
M62,M,6,2.0,"48,40 m²",-,Predaný,,48.4,,
M52,M,5,2.0,"48,40 m²",-,Predaný,,48.4,,
M53,M,5,3.0,"100,07 m²",-,Predaný,,100.07,,
M54,M,5,4.0,"123,14 m²",-,Predaný,,123.14,,
M44,M,4,4.0,"122,03 m²",-,Predaný,,122.03,,
M45,M,4,2.0,"58,98 m²",-,Predaný,,58.98,,
M51,M,5,4.0,"102,07 m²",-,Predaný,,102.07,,
M41,M,4,4.0,"108,92 m²",-,Predaný,,108.92,,
M42,M,4,2.0,"48,40 m²",-,Predaný,,48.4,,
M43,M,4,3.0,"99,21 m²",-,Predaný,,99.21,,
M33,M,3,3.0,"100,06 m²",-,Predaný,,100.06,,
M34,M,3,4.0,"123,14 m²",-,Predaný,,123.14,,
M35,M,3,2.0,"57,95 m²",-,Predaný,,57.95,,
M25,M,2,2.0,"58,99 m²",-,Predaný,,58.99,,
M31,M,3,4.0,"102,07 m²",-,Predaný,,102.07,,
M32,M,3,2.0,"48,40 m²",-,Predaný,,48.4,,
M22,M,2,2.0,"48,40 m²",-,Predaný,,48.4,,
M23,M,2,3.0,"99,23 m²",-,Predaný,,99.23,,
M24,M,2,4.0,"112,59 m²",-,Predaný,,112.59,,
M13,M,1,3.0,"114,47 m²",-,Predaný,,114.47,,
M14,M,1,2.0,"92,50 m²",-,Predaný,,92.5,,
M21,M,2,4.0,"108,92 m²",-,Predaný,,108.92,,
M11,M,1,4.0,"180,11 m²",-,Predaný,,180.11,,
M12,M,1,4.0,"148,49 m²",-,Predaný,,148.49,,
N34 - DUPLIKAT,N,3,3.0,"94,02 m²",-,Rezervovaný,,94.02,,
N11,N,1,3.0,"112,49 m²",-,Rezervovaný,,112.49,,
N165,N,16,3.0,"86,20 m²",-,Predaný,,86.2,,
N171,N,17,2.0,"193,03 m²",-,Predaný,,193.03,,
N172,N,17,3.0,"184,97 m²",-,Predaný,,184.97,,
N162,N,16,2.0,"54,58 m²",-,Predaný,,54.58,,
N163,N,16,5.0,"165,24 m²",-,Predaný,,165.24,,
N164,N,16,4.0,"0,00 m²",-,Nedostupný,,0.0,,
N153,N,15,1.0,"37,05 m²",-,Predaný,,37.05,,
N154,N,15,2.0,"0,00 m²",0 €,Voľný,https://www.ceresne.sk/ponuka-bytov/byt/n154/,0.0,0.0,
N161,N,16,3.0,"93,43 m²",-,Predaný,,93.43,,
N146,N,14,2.0,"50,29 m²",-,Predaný,,50.29,,
N151,N,15,2.0,"0,00 m²",-,Predaný,,0.0,,
N152,N,15,3.0,"98,08 m²",-,Predaný,,98.08,,
N143,N,14,3.0,"90,40 m²",-,Predaný,,90.4,,
N144,N,14,4.0,"163,15 m²",-,Predaný,,163.15,,
N145,N,14,1.0,"37,93 m²",-,Predaný,,37.93,,
N134,N,13,2.0,"50,02 m²",-,Predaný,,50.02,,
N141,N,14,5.0,"181,70 m²",-,Predaný,,181.7,,
N142,N,14,2.0,"57,35 m²",-,Predaný,,57.35,,
N131,N,13,2.0,"60,68 m²",-,Predaný,,60.68,,
N132,N,13,3.0,"98,35 m²",-,Predaný,,98.35,,
N133,N,13,1.0,"37,55 m²",-,Predaný,,37.55,,
N124,N,12,3.0,"86,71 m²",-,Predaný,,86.71,,
N125,N,12,1.0,"37,93 m²",-,Predaný,,37.93,,
N126,N,12,2.0,"49,65 m²",-,Predaný,,49.65,,
N121,N,12,5.0,"169,04 m²",-,Predaný,,169.04,,
N122,N,12,2.0,"61,96 m²",-,Predaný,,61.96,,
N123,N,12,5.0,"162,33 m²",-,Predaný,,162.33,,
N114,N,11,3.0,"94,71 m²",-,Predaný,,94.71,,
N115,N,11,1.0,"37,05 m²",-,Predaný,,37.05,,
N116,N,11,2.0,"51,85 m²",-,Predaný,,51.85,,
N111,N,11,3.0,"97,71 m²",-,Predaný,,97.71,,
N112,N,11,2.0,"58,70 m²",-,Predaný,,58.7,,
N113,N,11,3.0,"98,49 m²",-,Predaný,,98.49,,
N104,N,10,3.0,"92,40 m²",-,Predaný,,92.4,,
N105,N,10,1.0,"37,93 m²",-,Predaný,,37.93,,
N106,N,10,2.0,"50,23 m²",-,Predaný,,50.23,,
N101,N,10,3.0,"93,63 m²",-,Predaný,,93.63,,
N102,N,10,2.0,"56,34 m²",-,Predaný,,56.34,,
N103,N,10,3.0,"94,19 m²",-,Predaný,,94.19,,
N94,N,9,3.0,"97,57 m²",-,Predaný,,97.57,,
N95,N,9,1.0,"37,70 m²",-,Predaný,,37.7,,
N96,N,9,2.0,"50,04 m²",-,Predaný,,50.04,,
N91,N,9,3.0,"91,81 m²",-,Predaný,,91.81,,
N92,N,9,2.0,"59,43 m²",-,Predaný,,59.43,,
N93,N,9,3.0,"94,00 m²",-,Predaný,,94.0,,
N81,N,8,3.0,"90,07 m²",-,Predaný,,90.07,,
N82,N,8,2.0,"61,73 m²",-,Predaný,,61.73,,
N83,N,8,2.0,"59,62 m²",-,Predaný,,59.62,,
N72,N,7,2.0,"58,14 m²",-,Predaný,,58.14,,
N73,N,7,4.0,"280,02 m²",-,Predaný,,280.02,,
N74,N,7,2.0,"59,03 m²",-,Predaný,,59.03,,
N63,N,6,1.0,"38,24 m²",-,Predaný,,38.24,,
N64,N,6,2.0,"51,85 m²",-,Predaný,,51.85,,
N71,N,7,3.0,"97,78 m²",-,Predaný,,97.78,,
N56,N,5,2.0,"50,01 m²",-,Predaný,,50.01,,
N61,N,6,2.0,"57,25 m²",-,Predaný,,57.25,,
N62,N,6,3.0,"91,68 m²",-,Predaný,,91.68,,
N53,N,5,5.0,"159,50 m²",-,Predaný,,159.5,,
N54,N,5,3.0,"91,52 m²",-,Predaný,,91.52,,
N55,N,5,1.0,"37,55 m²",-,Predaný,,37.55,,
N46,N,4,2.0,"50,29 m²",-,Predaný,,50.29,,
N51,N,5,5.0,"170,60 m²",-,Predaný,,170.6,,
N52,N,5,2.0,"59,83 m²",-,Predaný,,59.83,,
N43,N,4,3.0,"93,77 m²",-,Predaný,,93.77,,
N44,N,4,3.0,"91,66 m²",-,Predaný,,91.66,,
N45,N,4,1.0,"37,93 m²",-,Predaný,,37.93,,
N36,N,3,2.0,"51,85 m²",-,Predaný,,51.85,,
N41,N,4,3.0,"90,20 m²",-,Predaný,,90.2,,
N42,N,4,2.0,"62,08 m²",-,Predaný,,62.08,,
N33,N,3,3.0,"97,96 m²",-,Predaný,,97.96,,
N34,N,3,3.0,"94,02 m²",-,Predaný,,94.02,,
N35,N,3,1.0,"37,06 m²",-,Predaný,,37.06,,
N25,N,2,2.0,"50,02 m²",-,Predaný,,50.02,,
N31,N,3,3.0,"97,52 m²",-,Predaný,,97.52,,
N32,N,3,2.0,"58,06 m²",-,Predaný,,58.06,,
N22,N,2,1.0,"32,44 m²",-,Predaný,,32.44,,
N23,N,2,3.0,"99,94 m²",-,Predaný,,99.94,,
N24,N,2,1.0,"37,87 m²",-,Predaný,,37.87,,
N14,N,1,1.0,"37,15 m²",-,Predaný,,37.15,,
N15,N,1,2.0,"49,93 m²",-,Predaný,,49.93,,
N21,N,2,3.0,"96,05 m²",-,Predaný,,96.05,,
N4,N,0,2.0,"43,70 m²",-,Predaný,,43.7,,
N12,N,1,3.0,"127,45 m²",-,Predaný,,127.45,,
N13,N,1,4.0,"157,44 m²",-,Predaný,,157.44,,
N1,N,0,2.0,"60,28 m²",-,Predaný,,60.28,,
N2,N,0,3.0,"95,27 m²",-,Predaný,,95.27,,
N3,N,0,2.0,"42,16 m²",-,Rezervovaný,,42.16,,
O034,O,3,,"0,00 m²",-,Predaný,,0.0,,
O022,O,2,3.0,"83,04 m²",-,Predaný,,83.04,,
O85,O,8,5.0,"159,15 m²",-,Predaný,,159.15,,
O82,O,8,3.0,"91,51 m²",-,Predaný,,91.51,,
O83,O,8,5.0,"194,83 m²",-,Predaný,,194.83,,
O84,O,8,5.0,"232,98 m²",-,Predaný,,232.98,,
O76,O,7,3.0,"123,89 m²",-,Predaný,,123.89,,
O77,O,7,1.0,"38,51 m²",-,Predaný,,38.51,,
O81,O,8,4.0,"147,56 m²",-,Predaný,,147.56,,
O73,O,7,1.0,"38,78 m²",-,Predaný,,38.78,,
O74,O,7,3.0,"89,93 m²",-,Predaný,,89.93,,
O75,O,7,2.0,"87,05 m²",-,Predaný,,87.05,,
O68,O,6,1.0,"38,51 m²",-,Predaný,,38.51,,
O71,O,7,1.0,"38,51 m²",-,Predaný,,38.51,,
O72,O,7,3.0,"91,00 m²",-,Predaný,,91.0,,
O65,O,6,4.0,"113,33 m²",-,Predaný,,113.33,,
O66,O,6,1.0,"38,78 m²",-,Predaný,,38.78,,
O67,O,6,3.0,"91,00 m²",-,Predaný,,91.0,,
O62,O,6,3.0,"91,00 m²",-,Predaný,,91.0,,
O63,O,6,1.0,"38,76 m²",-,Predaný,,38.76,,
O64,O,6,3.0,"95,85 m²",-,Predaný,,95.85,,
O57,O,5,3.0,"91,00 m²",-,Predaný,,91.0,,
O58,O,5,1.0,"38,51 m²",-,Predaný,,38.51,,
O61,O,6,1.0,"38,51 m²",-,Predaný,,38.51,,
O54,O,5,3.0,"89,93 m²",-,Predaný,,89.93,,
O55,O,5,4.0,"113,33 m²",-,Predaný,,113.33,,
O56,O,5,1.0,"38,78 m²",-,Predaný,,38.78,,
O51,O,5,1.0,"38,51 m²",-,Predaný,,38.51,,
O52,O,5,3.0,"91,00 m²",-,Predaný,,91.0,,
O53,O,5,1.0,"38,79 m²",-,Predaný,,38.79,,
O46,O,4,1.0,"38,45 m²",-,Predaný,,38.45,,
O47,O,4,3.0,"91,00 m²",-,Predaný,,91.0,,
O48,O,4,1.0,"38,51 m²",-,Predaný,,38.51,,
O43,O,4,1.0,"38,76 m²",-,Predaný,,38.76,,
O44,O,4,3.0,"95,85 m²",-,Predaný,,95.85,,
O45,O,4,4.0,"113,33 m²",-,Predaný,,113.33,,
O38,O,3,1.0,"38,51 m²",-,Predaný,,38.51,,
O41,O,4,1.0,"38,51 m²",-,Predaný,,38.51,,
O42,O,4,3.0,"91,00 m²",-,Predaný,,91.0,,
O35,O,3,4.0,"105,36 m²",-,Predaný,,105.36,,
O36,O,3,1.0,"38,78 m²",-,Predaný,,38.78,,
O37,O,3,3.0,"83,04 m²",-,Predaný,,83.04,,
O32,O,3,3.0,"83,04 m²",-,Predaný,,83.04,,
O33,O,3,1.0,"38,78 m²",-,Predaný,,38.78,,
O34,O,3,3.0,"81,90 m²",-,Predaný,,81.9,,
O27,O,2,3.0,"83,03 m²",-,Predaný,,83.03,,
O28,O,2,1.0,"38,51 m²",-,Predaný,,38.51,,
O31,O,3,1.0,"38,51 m²",-,Predaný,,38.51,,
O24,O,2,3.0,"87,88 m²",-,Predaný,,87.88,,
O25,O,2,4.0,"105,37 m²",-,Predaný,,105.37,,
O26,O,2,1.0,"38,78 m²",-,Predaný,,38.78,,
O21,O,2,1.0,"38,51 m²",-,Predaný,,38.51,,
O22,O,2,3.0,"83,04 m²",-,Nedostupný,,83.04,,
O23,O,2,1.0,"38,78 m²",-,Predaný,,38.78,,
O17,O,1,3.0,"103,87 m²",-,Predaný,,103.87,,
O18,O,1,1.0,"43,09 m²",-,Predaný,,43.09,,
O2,O,0,3.0,"143,95 m²",-,Predaný,,143.95,,
O14,O,1,3.0,"81,97 m²",-,Predaný,,81.97,,
O15,O,1,4.0,"127,52 m²",-,Predaný,,127.52,,
O16,O,1,1.0,"39,72 m²",-,Predaný,,39.72,,
O11,O,1,1.0,"45,65 m²",-,Predaný,,45.65,,
O12,O,1,3.0,"103,94 m²",-,Predaný,,103.94,,
O13,O,1,1.0,"38,78 m²",-,Predaný,,38.78,,
O1,O,0,3.0,"139,37 m²",-,Predaný,,139.37,,
P95,P,9,3.0,"108,52 m²",-,Predaný,,108.52,,
P96,P,9,4.0,"187,28 m²",-,Predaný,,187.28,,
P97,P,9,3.0,"114,73 m²",-,Predaný,,114.73,,
P92,P,9,5.0,"166,78 m²",-,Predaný,,166.78,,
P93,P,9,5.0,"163,78 m²",-,Predaný,,163.78,,
P94,P,9,5.0,"200,61 m²",-,Predaný,,200.61,,
P86,P,8,3.0,"119,69 m²",-,Predaný,,119.69,,
P87,P,8,1.0,"45,13 m²",-,Predaný,,45.13,,
P91,P,9,5.0,"158,65 m²",-,Predaný,,158.65,,
P78,P,7,3.0,"86,32 m²",-,Predaný,,86.32,,
P81,P,8,4.0,"123,53 m²",-,Predaný,,123.53,,
P82,P,8,3.0,"100,39 m²",-,Predaný,,100.39,,
P83,P,8,2.0,"58,75 m²",-,Predaný,,58.75,,
P84,P,8,,"44,43 m²",-,Predaný,,44.43,,
P85,P,8,5.0,"151,40 m²",-,Predaný,,151.4,,
P75,P,7,2.0,"55,14 m²",-,Predaný,,55.14,,
P76,P,7,3.0,"89,68 m²",-,Predaný,,89.68,,
P77,P,7,4.0,"109,10 m²",-,Predaný,,109.1,,
P72,P,7,3.0,"100,39 m²",-,Predaný,,100.39,,
P73,P,7,2.0,"64,81 m²",-,Predaný,,64.81,,
P74,P,7,,"44,47 m²",-,Predaný,,44.47,,
P67,P,6,4.0,"109,10 m²",-,Predaný,,109.1,,
P68,P,6,3.0,"80,43 m²",-,Predaný,,80.43,,
P71,P,7,4.0,"123,53 m²",-,Predaný,,123.53,,
P64,P,6,,"44,48 m²",-,Predaný,,44.48,,
P65,P,6,2.0,"55,14 m²",-,Predaný,,55.14,,
P66,P,6,3.0,"81,72 m²",-,Predaný,,81.72,,
P61,P,6,4.0,"123,53 m²",-,Predaný,,123.53,,
P62,P,6,3.0,"100,39 m²",-,Predaný,,100.39,,
P63,P,6,2.0,"58,90 m²",-,Predaný,,58.9,,
P56,P,5,3.0,"89,68 m²",-,Predaný,,89.68,,
P57,P,5,4.0,"109,10 m²",-,Predaný,,109.1,,
P58,P,5,3.0,"86,32 m²",-,Predaný,,86.32,,
P53,P,5,2.0,"64,81 m²",-,Predaný,,64.81,,
P54,P,5,,"44,47 m²",-,Predaný,,44.47,,
P55,P,5,2.0,"55,14 m²",-,Predaný,,55.14,,
P48,P,4,3.0,"80,44 m²",-,Predaný,,80.44,,
P51,P,5,4.0,"123,53 m²",-,Predaný,,123.53,,
P52,P,5,3.0,"100,39 m²",-,Predaný,,100.39,,
P45,P,4,2.0,"55,14 m²",-,Predaný,,55.14,,
P46,P,4,3.0,"81,72 m²",-,Predaný,,81.72,,
P47,P,4,4.0,"109,10 m²",-,Predaný,,109.1,,
P42,P,4,3.0,"100,39 m²",-,Predaný,,100.39,,
P43,P,4,2.0,"58,90 m²",-,Predaný,,58.9,,
P44,P,4,1.0,"44,48 m²",-,Predaný,,44.48,,
P37,P,3,4.0,"109,10 m²",-,Predaný,,109.1,,
P38,P,3,3.0,"86,32 m²",-,Predaný,,86.32,,
P41,P,4,4.0,"123,53 m²",-,Predaný,,123.53,,
P34,P,3,1.0,"44,47 m²",-,Predaný,,44.47,,
P35,P,3,2.0,"55,14 m²",-,Predaný,,55.14,,
P36,P,3,3.0,"81,72 m²",-,Predaný,,81.72,,
P31,P,3,4.0,"123,53 m²",-,Predaný,,123.53,,
P32,P,3,3.0,"94,47 m²",-,Predaný,,94.47,,
P33,P,3,2.0,"64,81 m²",-,Predaný,,64.81,,
P26,P,2,3.0,"81,72 m²",-,Predaný,,81.72,,
P27,P,2,4.0,"114,88 m²",-,Predrezervovaný,,114.88,,
P28,P,2,1.0,"44,47 m²",-,Predaný,,44.47,,
P23,P,2,2.0,"58,90 m²",-,Predaný,,58.9,,
P24,P,2,,"44,48 m²",-,Predaný,,44.48,,
P25,P,2,2.0,"61,05 m²",-,Predaný,,61.05,,
P16,P,1,,"85,66 m²",246 944 €,Voľný,https://www.ceresne.sk/ponuka-bytov/byt/p16/,85.66,246944.0,2882.8391314499186
P21,P,2,4.0,"115,57 m²",-,Predaný,,115.57,,
P22,P,2,3.0,"94,47 m²",-,Predaný,,94.47,,
P13,P,1,2.0,"87,03 m²",-,Predaný,,87.03,,
P14,P,1,,"65,98 m²",224 427 €,Voľný,https://www.ceresne.sk/ponuka-bytov/byt/p14/,65.98,224427.0,3401.439830251591
P15,P,1,2.0,"82,50 m²",278 676 €,Voľný,https://www.ceresne.sk/ponuka-bytov/byt/p15/,82.5,278676.0,3377.890909090909
P11,P,1,4.0,"249,72 m²",-,Predaný,,249.72,,
P12,P,1,3.0,"103,18 m²",-,Predaný,,103.18,,
R097,R,9,4.0,"150,78 m²",-,Rezervovaný,,150.78,,
R96,R,9,2.0,"55,29 m²",-,Predaný,,55.29,,
R97,R,9,4.0,"150,78 m²",-,Predaný,,150.78,,
R93,R,9,3.0,"85,63 m²",-,Predaný,,85.63,,
R94,R,9,1.0,"37,83 m²",-,Predaný,,37.83,,
R95,R,9,3.0,"92,05 m²",-,Predaný,,92.05,,
R88,R,8,4.0,"136,37 m²",-,Predaný,,136.37,,
R91,R,9,3.0,"89,85 m²",-,Predaný,,89.85,,
R92,R,9,2.0,"59,24 m²",-,Predaný,,59.24,,
R85,R,8,3.0,"92,10 m²",-,Predaný,,92.1,,
R86,R,8,2.0,"61,20 m²",-,Predaný,,61.2,,
R87,R,8,2.0,"58,80 m²",-,Predaný,,58.8,,
R82,R,8,2.0,"53,33 m²",-,Predaný,,53.33,,
R83,R,8,3.0,"93,64 m²",-,Predaný,,93.64,,
R84,R,8,1.0,"37,83 m²",-,Predaný,,37.83,,
R78,R,7,4.0,"134,23 m²",-,Predaný,,134.23,,
R79,R,7,3.0,"103,59 m²",-,Predaný,,103.59,,
R81,R,8,3.0,"119,50 m²",-,Predaný,,119.5,,
R75,R,7,3.0,"84,09 m²",-,Predaný,,84.09,,
R76,R,7,2.0,"55,29 m²",-,Predaný,,55.29,,
R77,R,7,2.0,"58,80 m²",-,Predaný,,58.8,,
R72,R,7,2.0,"59,24 m²",-,Predaný,,59.24,,
R73,R,7,3.0,"93,64 m²",-,Predaný,,93.64,,
R74,R,7,1.0,"37,78 m²",-,Predaný,,37.78,,
R68,R,6,5.0,"159,45 m²",-,Predaný,,159.45,,
R69,R,6,3.0,"111,76 m²",-,Predaný,,111.76,,
R71,R,7,3.0,"86,54 m²",-,Predaný,,86.54,,
R65,R,6,3.0,"92,10 m²",-,Predaný,,92.1,,
R66,R,6,2.0,"61,20 m²",-,Predaný,,61.2,,
R67,R,6,3.0,"87,02 m²",-,Predaný,,87.02,,
R62,R,6,2.0,"53,33 m²",-,Predaný,,53.33,,
R63,R,6,3.0,"93,64 m²",-,Predaný,,93.64,,
R64,R,6,1.0,"37,83 m²",-,Predaný,,37.83,,
R58,R,5,5.0,"164,97 m²",-,Predaný,,164.97,,
R59,R,5,3.0,"112,51 m²",-,Predaný,,112.51,,
R61,R,6,3.0,"86,53 m²",-,Predaný,,86.53,,
R55,R,5,3.0,"92,05 m²",-,Predaný,,92.05,,
R56,R,5,2.0,"55,29 m²",-,Predaný,,55.29,,
R57,R,5,3.0,"87,61 m²",-,Predaný,,87.61,,
R52,R,5,2.0,"59,24 m²",-,Predaný,,59.24,,
R53,R,5,3.0,"85,63 m²",-,Predaný,,85.63,,
R54,R,5,1.0,"37,83 m²",-,Predaný,,37.83,,
R49,R,4,1.0,"40,06 m²",-,Predaný,,40.06,,
R51,R,5,3.0,"86,54 m²",-,Predaný,,86.54,,
R510,R,5,2.0,"58,75 m²",-,Predaný,,58.75,,
R46,R,4,2.0,"61,20 m²",-,Predaný,,61.2,,
R47,R,4,3.0,"87,62 m²",-,Predaný,,87.62,,
R48,R,4,2.0,"62,93 m²",-,Predaný,,62.93,,
R43,R,4,3.0,"93,64 m²",-,Predaný,,93.64,,
R44,R,4,1.0,"37,83 m²",-,Predaný,,37.83,,
R45,R,4,3.0,"92,10 m²",-,Predaný,,92.1,,
R411,R,4,3.0,"117,09 m²",-,Predaný,,117.09,,
R412,R,4,1.0,"40,65 m²",-,Predaný,,40.65,,
R42,R,4,2.0,"53,33 m²",-,Predaný,,53.33,,
R39,R,3,1.0,"40,01 m²",-,Predaný,,40.01,,
R41,R,4,3.0,"86,52 m²",-,Predaný,,86.52,,
R410,R,4,4.0,"139,33 m²",-,Predaný,,139.33,,
R36,R,3,2.0,"55,29 m²",-,Predaný,,55.29,,
R37,R,3,3.0,"87,61 m²",-,Predaný,,87.61,,
R38,R,3,2.0,"57,02 m²",-,Predaný,,57.02,,
R33,R,3,3.0,"93,64 m²",-,Predaný,,93.64,,
R34,R,3,1.0,"37,78 m²",-,Predaný,,37.78,,
R35,R,3,3.0,"84,09 m²",-,Predaný,,84.09,,
R314,R,3,1.0,"40,76 m²",-,Predaný,,40.76,,
R315,R,3,2.0,"58,46 m²",-,Predaný,,58.46,,
R32,R,3,2.0,"59,24 m²",-,Predaný,,59.24,,
R311,R,3,3.0,"79,24 m²",-,Predaný,,79.24,,
R312,R,3,2.0,"60,21 m²",-,Predaný,,60.21,,
R313,R,3,1.0,"34,70 m²",-,Predaný,,34.7,,
R29,R,2,2.0,"64,51 m²",-,Predaný,,64.51,,
R31,R,3,3.0,"86,54 m²",-,Predaný,,86.54,,
R310,R,3,1.0,"33,99 m²",-,Predaný,,33.99,,
R26,R,2,2.0,"63,11 m²",-,Predaný,,63.11,,
R27,R,2,3.0,"79,25 m²",-,Predaný,,79.25,,
R28,R,2,2.0,"60,09 m²",-,Predaný,,60.09,,
R23,R,2,1.0,"37,83 m²",-,Predaný,,37.83,,
R24,R,2,3.0,"84,13 m²",-,Predaný,,84.13,,
R25,R,2,3.0,"79,87 m²",-,Predaný,,79.87,,
R166,R,16,4.0,"100,92 m²",-,Predaný,,100.92,,
R21,R,2,3.0,"70,31 m²",-,Predaný,,70.31,,
R22,R,2,3.0,"91,59 m²",-,Predaný,,91.59,,
R163,R,16,3.0,"98,72 m²",-,Predaný,,98.72,,
R164,R,16,4.0,"124,79 m²",-,Predaný,,124.79,,
R165,R,16,2.0,"61,20 m²",-,Predaný,,61.2,,
R156,R,15,4.0,"100,91 m²",-,Predaný,,100.91,,
R161,R,16,3.0,"82,13 m²",-,Predaný,,82.13,,
R162,R,16,2.0,"53,33 m²",-,Predaný,,53.33,,
R153,R,15,4.0,"126,86 m²",-,Predaný,,126.86,,
R154,R,15,3.0,"88,73 m²",-,Predaný,,88.73,,
R155,R,15,2.0,"55,29 m²",-,Predaný,,55.29,,
R146,R,14,4.0,"100,92 m²",-,Predaný,,100.92,,
R151,R,15,3.0,"82,14 m²",-,Predaný,,82.14,,
R152,R,15,2.0,"59,24 m²",-,Predaný,,59.24,,
R143,R,14,3.0,"98,72 m²",-,Predaný,,98.72,,
R144,R,14,4.0,"124,79 m²",-,Predaný,,124.79,,
R145,R,14,2.0,"61,20 m²",-,Predaný,,61.2,,
R14,R,1,4.0,"134,91 m²",-,Rezervovaný,,134.91,,
R141,R,14,3.0,"82,13 m²",-,Predaný,,82.13,,
R142,R,14,2.0,"53,33 m²",-,Predaný,,53.33,,
R134,R,13,4.0,"96,07 m²",-,Predaný,,96.07,,
R135,R,13,2.0,"55,22 m²",-,Predaný,,55.22,,
R136,R,13,4.0,"100,91 m²",-,Predaný,,100.91,,
R131,R,13,3.0,"82,14 m²",-,Predaný,,82.14,,
R132,R,13,2.0,"59,24 m²",-,Predaný,,59.24,,
R133,R,13,4.0,"118,82 m²",-,Predaný,,118.82,,
R125,R,12,2.0,"61,20 m²",-,Predaný,,61.2,,
R126,R,12,4.0,"100,92 m²",-,Predaný,,100.92,,
R13,R,1,1.0,"62,39 m²",202 584 €,Voľný,https://www.ceresne.sk/ponuka-bytov/byt/r13/,62.39,202584.0,3247.0588235294117
R122,R,12,2.0,"53,33 m²",-,Predaný,,53.33,,
R123,R,12,3.0,"98,72 m²",-,Predaný,,98.72,,
R124,R,12,4.0,"124,79 m²",-,Predaný,,124.79,,
R116,R,11,4.0,"100,91 m²",-,Predaný,,100.91,,
R12,R,1,3.0,"137,89 m²",-,Predaný,,137.89,,
R121,R,12,3.0,"82,13 m²",-,Predaný,,82.13,,
R113,R,11,4.0,"126,86 m²",-,Predaný,,126.86,,
R114,R,11,3.0,"88,73 m²",-,Predaný,,88.73,,
R115,R,11,2.0,"55,29 m²",-,Predaný,,55.29,,
R11,R,1,3.0,"71,45 m²",-,Predaný,,71.45,,
R111,R,11,3.0,"82,14 m²",-,Predaný,,82.14,,
R112,R,11,2.0,"59,24 m²",-,Predaný,,59.24,,
R104,R,10,4.0,"124,79 m²",-,Predaný,,124.79,,
R105,R,10,2.0,"61,20 m²",-,Predaný,,61.2,,
R106,R,10,4.0,"100,92 m²",-,Predaný,,100.92,,
R101,R,10,3.0,"82,13 m²",-,Predaný,,82.13,,
R102,R,10,2.0,"53,33 m²",-,Predaný,,53.33,,
R103,R,10,3.0,"98,72 m²",-,Predaný,,98.72,,
S713,S,7,2.0,"51,38 m²",-,Predaný,,51.38,,
S714,S,7,2.0,"50,93 m²",-,Nedostupný,,50.93,,
S715,S,7,2.0,"50,93 m²",-,Nedostupný,,50.93,,
S707,S,7,1.0,"33,89 m²",-,Nedostupný,,33.89,,
S708,S,7,2.0,"48,61 m²",259 984 €,Voľný,https://www.ceresne.sk/ponuka-bytov/byt/s708/,48.61,259984.0,5348.364534046493
S709,S,7,2.0,"48,61 m²",-,Nedostupný,,48.61,,
S710,S,7,1.0,"33,88 m²",-,Nedostupný,,33.88,,
S711,S,7,1.0,"33,88 m²",-,Nedostupný,,33.88,,
S712,S,7,2.0,"57,44 m²",-,Predaný,,57.44,,
S702,S,7,2.0,"50,93 m²",-,Nedostupný,,50.93,,
S703,S,7,3.0,"68,54 m²",330 617 €,Voľný,https://www.ceresne.sk/ponuka-bytov/byt/s703/,68.54,330617.0,4823.708783192296
S704,S,7,3.0,"81,56 m²",-,Predaný,,81.56,,
S705,S,7,2.0,"48,61 m²",-,Predaný,,48.61,,
S706,S,7,1.0,"33,88 m²",-,Nedostupný,,33.88,,
S613,S,6,2.0,"51,38 m²",-,Predaný,,51.38,,
S614,S,6,2.0,"50,93 m²",-,Nedostupný,,50.93,,
S615,S,6,2.0,"50,93 m²",-,Nedostupný,,50.93,,
S701,S,7,2.0,"50,93 m²",256 798 €,Voľný,https://www.ceresne.sk/ponuka-bytov/byt/s701/,50.93,256798.0,5042.175535048105
S609,S,6,2.0,"48,61 m²",-,Predaný,,48.61,,
S610,S,6,1.0,"33,88 m²",-,Nedostupný,,33.88,,
S611,S,6,1.0,"33,88 m²",-,Predaný,,33.88,,
S612,S,6,2.0,"57,44 m²",-,Predaný,,57.44,,
S604,S,6,3.0,"81,56 m²",-,Predaný,,81.56,,
S605,S,6,2.0,"48,61 m²",-,Predaný,,48.61,,
S606,S,6,1.0,"33,88 m²",-,Predaný,,33.88,,
S607,S,6,1.0,"33,89 m²",-,Nedostupný,,33.89,,
S608,S,6,2.0,"48,61 m²",-,Predaný,,48.61,,
S513,S,5,2.0,"51,38 m²",-,Predaný,,51.38,,
S514,S,5,2.0,"50,93 m²",-,Nedostupný,,50.93,,
S515,S,5,2.0,"50,93 m²",-,Nedostupný,,50.93,,
S601,S,6,2.0,"50,93 m²",-,Predaný,,50.93,,
S602,S,6,2.0,"50,93 m²",-,Predaný,,50.93,,
S603,S,6,3.0,"68,54 m²",315 716 €,Voľný,https://www.ceresne.sk/ponuka-bytov/byt/s603/,68.54,315716.0,4606.302888824044
S508,S,5,2.0,"48,61 m²",-,Predaný,,48.61,,
S509,S,5,2.0,"48,61 m²",-,Predaný,,48.61,,
S510,S,5,1.0,"33,88 m²",-,Nedostupný,,33.88,,
S511,S,5,1.0,"33,88 m²",-,Predaný,,33.88,,
S512,S,5,2.0,"57,44 m²",-,Predaný,,57.44,,
S501,S,5,2.0,"50,93 m²",-,Nedostupný,,50.93,,
S502,S,5,2.0,"50,93 m²",-,Predaný,,50.93,,
S503,S,5,3.0,"68,54 m²",313 410 €,Voľný,https://www.ceresne.sk/ponuka-bytov/byt/s503/,68.54,313410.0,4572.658301721622
S504,S,5,3.0,"81,56 m²",-,Predaný,,81.56,,
S505,S,5,2.0,"48,61 m²",-,Predaný,,48.61,,
S506,S,5,1.0,"33,88 m²",-,Predaný,,33.88,,
S507,S,5,1.0,"33,89 m²",-,Nedostupný,,33.89,,
S410,S,4,1.0,"33,88 m²",-,Predaný,,33.88,,
S411,S,4,1.0,"33,88 m²",-,Predaný,,33.88,,
S412,S,4,2.0,"57,44 m²",-,Predaný,,57.44,,
S413,S,4,2.0,"51,38 m²",-,Predaný,,51.38,,
S414,S,4,2.0,"50,93 m²",241 274 €,Voľný,https://www.ceresne.sk/ponuka-bytov/byt/s414/,50.93,241274.0,4737.365010799136
S415,S,4,2.0,"50,93 m²",-,Predaný,,50.93,,
S405,S,4,2.0,"48,61 m²",-,Predaný,,48.61,,
S406,S,4,1.0,"33,88 m²",-,Predaný,,33.88,,
S407,S,4,1.0,"33,89 m²",-,Predaný,,33.89,,
S408,S,4,2.0,"48,61 m²",-,Predaný,,48.61,,
S409,S,4,2.0,"48,61 m²",-,Predaný,,48.61,,
S315,S,3,2.0,"50,93 m²",-,Nedostupný,,50.93,,
S401,S,4,2.0,"50,93 m²",-,Nedostupný,,50.93,,
S402,S,4,2.0,"50,93 m²",-,Predaný,,50.93,,
S403,S,4,3.0,"68,54 m²",-,Predaný,,68.54,,
S404,S,4,3.0,"81,56 m²",-,Predaný,,81.56,,
S309,S,3,2.0,"48,61 m²",-,Predaný,,48.61,,
S310,S,3,1.0,"33,88 m²",-,Predaný,,33.88,,
S311,S,3,1.0,"33,88 m²",-,Predaný,,33.88,,
S312,S,3,2.0,"57,44 m²",-,Predaný,,57.44,,
S313,S,3,2.0,"51,38 m²",-,Predaný,,51.38,,
S314,S,3,2.0,"50,93 m²",-,Nedostupný,,50.93,,
S304,S,3,3.0,"81,56 m²",-,Predaný,,81.56,,
S305,S,3,2.0,"48,61 m²",-,Predaný,,48.61,,
S306,S,3,1.0,"33,88 m²",-,Predaný,,33.88,,
S307,S,3,1.0,"33,89 m²",-,Predaný,,33.89,,
S308,S,3,2.0,"48,61 m²",-,Predaný,,48.61,,
S214,S,2,2.0,"50,93 m²",237 509 €,Voľný,https://www.ceresne.sk/ponuka-bytov/byt/s214/,50.93,237509.0,4663.440015707834
S215,S,2,2.0,"50,93 m²",237 509 €,Voľný,https://www.ceresne.sk/ponuka-bytov/byt/s215/,50.93,237509.0,4663.440015707834
S301,S,3,2.0,"50,93 m²",242 391 €,Voľný,https://www.ceresne.sk/ponuka-bytov/byt/s301/,50.93,242391.0,4759.297074415865
S302,S,3,2.0,"50,93 m²",-,Predaný,,50.93,,
S303,S,3,3.0,"68,54 m²",309 492 €,Voľný,https://www.ceresne.sk/ponuka-bytov/byt/s303/,68.54,309492.0,4515.494601692442
S209,S,2,2.0,"48,61 m²",-,Predaný,,48.61,,
S210,S,2,1.0,"33,88 m²",-,Predaný,,33.88,,
S211,S,2,1.0,"33,88 m²",-,Predaný,,33.88,,
S212,S,2,2.0,"57,44 m²",-,Predaný,,57.44,,
S213,S,2,2.0,"51,38 m²",-,Predaný,,51.38,,
S204,S,2,3.0,"81,56 m²",322 779 €,Voľný,https://www.ceresne.sk/ponuka-bytov/byt/s204/,81.56,322779.0,3957.5649828347227
S205,S,2,2.0,"48,61 m²",-,Predaný,,48.61,,
S206,S,2,1.0,"33,88 m²",-,Predaný,,33.88,,
S207,S,2,1.0,"33,89 m²",-,Predaný,,33.89,,
S208,S,2,2.0,"48,61 m²",-,Predaný,,48.61,,
S114,S,1,2.0,"48,53 m²",-,Nedostupný,,48.53,,
S115,S,1,2.0,"48,53 m²",-,Nedostupný,,48.53,,
S201,S,2,2.0,"50,93 m²",-,Predaný,,50.93,,
S202,S,2,2.0,"50,93 m²",237 509 €,Voľný,https://www.ceresne.sk/ponuka-bytov/byt/s202/,50.93,237509.0,4663.440015707834
S203,S,2,3.0,"68,54 m²",-,Predaný,,68.54,,
S109,S,1,2.0,"62,01 m²",258 026 €,Voľný,https://www.ceresne.sk/ponuka-bytov/byt/s109/,62.01,258026.0,4161.038542170618
S110,S,1,1.0,"38,29 m²",-,Predaný,,38.29,,
S111,S,1,1.0,"38,29 m²",-,Predaný,,38.29,,
S112,S,1,1.0,"47,06 m²",-,Nedostupný,,47.06,,
S113,S,1,1.0,"35,12 m²",-,Nedostupný,,35.12,,
S103,S,1,3.0,"68,55 m²",304 209 €,Voľný,https://www.ceresne.sk/ponuka-bytov/byt/s103/,68.55,304209.0,4437.768052516411
S104,S,1,3.0,"102,58 m²",-,Predaný,,102.58,,
S105,S,1,2.0,"62,01 m²",258 026 €,Voľný,https://www.ceresne.sk/ponuka-bytov/byt/s105/,62.01,258026.0,4161.038542170618
S106,S,1,1.0,"38,29 m²",-,Predaný,,38.29,,
S107,S,1,1.0,"38,30 m²",-,Predaný,,38.3,,
S108,S,1,2.0,"62,01 m²",-,Nedostupný,,62.01,,
S101,S,1,2.0,"42,44 m²",-,Predaný,,42.44,,
S102,S,1,2.0,"48,53 m²",-,Nedostupný,,48.53,,
T156,T,15,5.0,"116,16 m²",551 511 €,Voľný,https://www.ceresne.sk/ponuka-bytov/byt/t156/,116.16,551511.0,4747.856404958678
T136,T,13,5.0,"118,85 m²",536 074 €,Voľný,https://www.ceresne.sk/ponuka-bytov/byt/t136/,118.85,536074.0,4510.5090450147245
T146,T,14,5.0,"117,74 m²",536 387 €,Voľný,https://www.ceresne.sk/ponuka-bytov/byt/t146/,117.74,536387.0,4555.690504501444
T08,T,0,1.0,"43,03 m²",-,Rezervovaný,,43.03,,
T03,T,0,2.0,"46,69 m²",-,Nedostupný,,46.69,,
T155,T,15,4.0,"116,78 m²",551 511 €,Voľný,https://www.ceresne.sk/ponuka-bytov/byt/t155/,116.78,551511.0,4722.649426271621
T154,T,15,2.0,"47,52 m²",-,Nedostupný,,47.52,,
T153,T,15,4.0,"102,33 m²",-,Predaný,,102.33,,
T152,T,15,4.0,"100,34 m²",-,Nedostupný,,100.34,,
T151,T,15,4.0,"108,39 m²",-,Nedostupný,,108.39,,
T145,T,14,4.0,"118,36 m²",536 387 €,Voľný,https://www.ceresne.sk/ponuka-bytov/byt/t145/,118.36,536387.0,4531.826630618452
T144,T,14,2.0,"47,52 m²",269 021 €,Voľný,https://www.ceresne.sk/ponuka-bytov/byt/t144/,47.52,269021.0,5661.21632996633
T143,T,14,4.0,"102,87 m²",-,Nedostupný,,102.87,,
T142,T,14,4.0,"101,02 m²",-,Nedostupný,,101.02,,
T141,T,14,4.0,"107,24 m²",-,Predaný,,107.24,,
T135,T,13,4.0,"119,47 m²",536 074 €,Voľný,https://www.ceresne.sk/ponuka-bytov/byt/t135/,119.47,536074.0,4487.101364359253
T134,T,13,2.0,"47,17 m²",-,Nedostupný,,47.17,,
T133,T,13,4.0,"103,10 m²",-,Predaný,,103.1,,
T132,T,13,4.0,"100,79 m²",-,Nedostupný,,100.79,,
T131,T,13,4.0,"108,56 m²",-,Predaný,,108.56,,
T125,T,12,4.0,"118,15 m²",519 983 €,Voľný,https://www.ceresne.sk/ponuka-bytov/byt/t125/,118.15,519983.0,4401.04104951333
T124,T,12,2.0,"47,52 m²",-,Nedostupný,,47.52,,
T123,T,12,4.0,"102,87 m²",-,Predaný,,102.87,,
T122,T,12,4.0,"101,02 m²",-,Predaný,,101.02,,
T121,T,12,4.0,"107,24 m²",451 163 €,Voľný,https://www.ceresne.sk/ponuka-bytov/byt/t121/,107.24,451163.0,4207.040283476315
T118,T,11,3.0,"66,23 m²",312 207 €,Voľný,https://www.ceresne.sk/ponuka-bytov/byt/t118/,66.23,312207.0,4713.981579344708
T117,T,11,2.0,"47,44 m²",263 893 €,Voľný,https://www.ceresne.sk/ponuka-bytov/byt/t117/,47.44,263893.0,5562.668634064081
T116,T,11,1.0,"34,50 m²",-,Nedostupný,,34.5,,
T115,T,11,3.0,"65,30 m²",-,Predaný,,65.3,,
T114,T,11,2.0,"54,95 m²",-,Predaný,,54.95,,
T113,T,11,1.0,"31,14 m²",-,Nedostupný,,31.14,,
T112,T,11,1.0,"30,85 m²",-,Nedostupný,,30.85,,
T111,T,11,2.0,"51,47 m²",-,Predaný,,51.47,,
T108,T,10,3.0,"67,28 m²",-,Predaný,,67.28,,
T107,T,10,2.0,"47,83 m²",-,Nedostupný,,47.83,,
T106,T,10,1.0,"34,50 m²",-,Nedostupný,,34.5,,
T105,T,10,3.0,"64,54 m²",-,Rezervovaný,,64.54,,
T104,T,10,2.0,"54,50 m²",-,Predaný,,54.5,,
T103,T,10,1.0,"30,93 m²",-,Nedostupný,,30.93,,
T102,T,10,1.0,"31,45 m²",-,Nedostupný,,31.45,,
T101,T,10,2.0,"51,13 m²",-,Predaný,,51.13,,
T98,T,9,3.0,"66,84 m²",-,Nedostupný,,66.84,,
T97,T,9,2.0,"47,44 m²",-,Nedostupný,,47.44,,
T96,T,9,1.0,"34,50 m²",-,Predaný,,34.5,,
T95,T,9,3.0,"65,30 m²",-,Predrezervovaný,,65.3,,
T94,T,9,2.0,"54,95 m²",-,Predaný,,54.95,,
T93,T,9,1.0,"31,34 m²",-,Nedostupný,,31.34,,
T92,T,9,1.0,"31,19 m²",-,Nedostupný,,31.19,,
T91,T,9,2.0,"51,84 m²",266 163 €,Voľný,https://www.ceresne.sk/ponuka-bytov/byt/t91/,51.84,266163.0,5134.31712962963
T88,T,8,3.0,"67,58 m²",-,Nedostupný,,67.58,,
T87,T,8,2.0,"47,45 m²",-,Predaný,,47.45,,
T86,T,8,1.0,"34,19 m²",-,Predaný,,34.19,,
T85,T,8,3.0,"65,07 m²",-,Predaný,,65.07,,
T84,T,8,2.0,"55,18 m²",-,Predaný,,55.18,,
T83,T,8,1.0,"31,08 m²",-,Predaný,,31.08,,
T82,T,8,1.0,"31,19 m²",-,Nedostupný,,31.19,,
T81,T,8,2.0,"51,60 m²",-,Predaný,,51.6,,
T78,T,7,3.0,"67,28 m²",309 073 €,Voľný,https://www.ceresne.sk/ponuka-bytov/byt/t78/,67.28,309073.0,4593.831747919144
T77,T,7,2.0,"47,83 m²",-,Nedostupný,,47.83,,
T76,T,7,1.0,"34,51 m²",-,Predaný,,34.51,,
T75,T,7,3.0,"64,54 m²",-,Rezervovaný,,64.54,,
T74,T,7,2.0,"54,50 m²",-,Predaný,,54.5,,
T73,T,7,1.0,"31,17 m²",189 036 €,Voľný,https://www.ceresne.sk/ponuka-bytov/byt/t73/,31.17,189036.0,6064.677574590953
T72,T,7,1.0,"31,58 m²",-,Predaný,,31.58,,
T71,T,7,2.0,"51,13 m²",-,Predaný,,51.13,,
T68,T,6,3.0,"67,52 m²",307 878 €,Voľný,https://www.ceresne.sk/ponuka-bytov/byt/t68/,67.52,307878.0,4559.804502369669
T67,T,6,2.0,"47,44 m²",-,Predaný,,47.44,,
T66,T,6,1.0,"34,19 m²",-,Predaný,,34.19,,
T65,T,6,3.0,"65,07 m²",-,Predaný,,65.07,,
T64,T,6,2.0,"55,18 m²",-,Predaný,,55.18,,
T63,T,6,1.0,"31,19 m²",-,Predaný,,31.19,,
T62,T,6,1.0,"31,34 m²",-,Predaný,,31.34,,
T61,T,6,2.0,"51,60 m²",-,Nedostupný,,51.6,,
T58,T,5,3.0,"66,79 m²",304 398 €,Voľný,https://www.ceresne.sk/ponuka-bytov/byt/t58/,66.79,304398.0,4557.538553675699
T57,T,5,2.0,"47,44 m²",-,Nedostupný,,47.44,,
T56,T,5,1.0,"34,50 m²",-,Predaný,,34.5,,
T55,T,5,3.0,"65,30 m²",-,Nedostupný,,65.3,,
T54,T,5,2.0,"54,95 m²",-,Predaný,,54.95,,
T53,T,5,1.0,"31,45 m²",-,Predaný,,31.45,,
T52,T,5,1.0,"31,34 m²",-,Predaný,,31.34,,
T51,T,5,2.0,"51,84 m²",259 401 €,Voľný,https://www.ceresne.sk/ponuka-bytov/byt/t51/,51.84,259401.0,5003.877314814815
T48,T,4,3.0,"99,72 m²",-,Nedostupný,,99.72,,
T47,T,4,2.0,"47,75 m²",-,Predaný,,47.75,,
T46,T,4,1.0,"34,19 m²",-,Predaný,,34.19,,
T45,T,4,3.0,"106,18 m²",-,Nedostupný,,106.18,,
T44,T,4,2.0,"82,24 m²",-,Nedostupný,,82.24,,
T43,T,4,1.0,"31,45 m²",-,Predaný,,31.45,,
T42,T,4,1.0,"31,60 m²",-,Predaný,,31.6,,
T41,T,4,2.0,"75,83 m²",-,Nedostupný,,75.83,,
T317,T,3,3.0,"71,13 m²",-,Predrezervovaný,,71.13,,
T316,T,3,2.0,"53,71 m²",257 071 €,Voľný,https://www.ceresne.sk/ponuka-bytov/byt/t316/,53.71,257071.0,4786.278160491528
T315,T,3,2.0,"57,44 m²",-,Predaný,,57.44,,
T314,T,3,2.0,"47,44 m²",-,Predaný,,47.44,,
T313,T,3,1.0,"34,51 m²",-,Nedostupný,,34.51,,
T312,T,3,2.0,"58,39 m²",273 606 €,Voľný,https://www.ceresne.sk/ponuka-bytov/byt/t312/,58.39,273606.0,4685.83661585888
T311,T,3,1.0,"36,42 m²",-,Nedostupný,,36.42,,
T310,T,3,2.0,"47,56 m²",-,Predaný,,47.56,,
T39,T,3,2.0,"55,86 m²",-,Nedostupný,,55.86,,
T38,T,3,2.0,"57,17 m²",-,Predaný,,57.17,,
T37,T,3,2.0,"49,60 m²",241 009 €,Voľný,https://www.ceresne.sk/ponuka-bytov/byt/t37/,49.6,241009.0,4859.052419354839
T36,T,3,2.0,"50,07 m²",-,Predaný,,50.07,,
T35,T,3,1.0,"31,43 m²",-,Predaný,,31.43,,
T34,T,3,1.0,"31,34 m²",-,Predaný,,31.34,,
T33,T,3,2.0,"51,62 m²",-,Predaný,,51.62,,
T32,T,3,2.0,"55,14 m²",264 715 €,Voľný,https://www.ceresne.sk/ponuka-bytov/byt/t32/,55.14,264715.0,4800.779833151977
T31,T,3,2.0,"52,37 m²",251 339 €,Voľný,https://www.ceresne.sk/ponuka-bytov/byt/t31/,52.37,251339.0,4799.293488638534
T217,T,2,3.0,"70,36 m²",-,Predrezervovaný,,70.36,,
T216,T,2,2.0,"54,05 m²",-,Nedostupný,,54.05,,
T215,T,2,2.0,"57,10 m²",-,Nedostupný,,57.1,,
T214,T,2,2.0,"47,75 m²",-,Predaný,,47.75,,
T213,T,2,1.0,"34,20 m²",-,Predaný,,34.2,,
T212,T,2,2.0,"57,80 m²",269 721 €,Voľný,https://www.ceresne.sk/ponuka-bytov/byt/t212/,57.8,269721.0,4666.453287197232
T211,T,2,1.0,"35,91 m²",-,Predaný,,35.91,,
T210,T,2,2.0,"48,49 m²",-,Nedostupný,,48.49,,
T29,T,2,2.0,"56,07 m²",-,Predaný,,56.07,,
T28,T,2,2.0,"55,13 m²",-,Nedostupný,,55.13,,
T27,T,2,2.0,"49,58 m²",-,Nedostupný,,49.58,,
T26,T,2,2.0,"50,61 m²",-,Nedostupný,,50.61,,
T25,T,2,1.0,"30,94 m²",-,Predaný,,30.94,,
T24,T,2,1.0,"30,89 m²",-,Predaný,,30.89,,
T23,T,2,2.0,"50,38 m²",245 665 €,Voľný,https://www.ceresne.sk/ponuka-bytov/byt/t23/,50.38,245665.0,4876.2405716554185
T22,T,2,2.0,"54,90 m²",-,Nedostupný,,54.9,,
T21,T,2,2.0,"50,57 m²",243 531 €,Voľný,https://www.ceresne.sk/ponuka-bytov/byt/t21/,50.57,243531.0,4815.7207830729685
T19,T,1,2.0,"55,22 m²",-,Nedostupný,,55.22,,
T18,T,1,2.0,"48,07 m²",-,Nedostupný,,48.07,,
T17,T,1,1.0,"36,13 m²",-,Nedostupný,,36.13,,
T16,T,1,2.0,"57,24 m²",-,Nedostupný,,57.24,,
T15,T,1,1.0,"33,86 m²",187 449 €,Voľný,https://www.ceresne.sk/ponuka-bytov/byt/t15/,33.86,187449.0,5536.001181334908
T14,T,1,2.0,"47,53 m²",-,Nedostupný,,47.53,,
T13,T,1,2.0,"57,19 m²",-,Nedostupný,,57.19,,
T12,T,1,2.0,"53,38 m²",-,Nedostupný,,53.38,,
T11,T,1,3.0,"72,01 m²",-,Nedostupný,,72.01,,
